city,lon,lat
Петергоф,29.54,59.53
Янино-1,30.33,59.56
Металлострой,30.34,59.48
Кронштадт,29.46,60.00
Ломоносов,29.46,59.55
Новое Девяткино,30.28,60.03
Сестрорецк,29.58,60.06
Красное Село,30.05,59.44
Парголово,30.15,60.05
Пушкин,30.25,59.43
Колпино,30.36,59.45
Шушары,30.24,59.483000000000004
Санкт-Петербург,30.19,59.57
Абрамова Гора,34.733,59.666000000000004
Алешины Нивы,34.650,59.716
Амосова Гора,34.883,59.883
Анисимово,34.233,59.316
Астрачи,33.650,59.61600000000001
Баламутово,34.500,59.566
Батьково,33.950,59.55
Белый Бор,33.850,59.733000000000004
Белячиха,34.950,59.8
Бережок,34.750,59.283
Бирючево,34.583,59.2
Боброзеро,34.916,59.8
Бокситогорск,33.850,59.466
Большой Остров,33.783,59.466
Бор 1,33.800,59.466
Бор 2,35.133,59.783
Борисово,34.166,59.666000000000004
Борисовщина,34.766,59.733000000000004
Борки,33.816,59.65
Бороватое,33.766,59.45
Бочатино,34.200,59.266000000000005
Бурково,33.666,59.633
Ванино,33.916,59.783
Василево,33.950,59.666000000000004
Васьково,35.660,59.45
Великий Двор,33.983,59.666000000000004
Великое Село,34.816,59.483000000000004
Велье,34.400,59.5
Веретье,33.833,59.633
Володино,34.333,59.633
Вороньи Горки,34.766,59.216
Гагрино,34.830,59.183
Галично,33.750,59.6
Глядково,34.233,59.3
Головково,34.233,59.216
Горелуха,33.816,59.6
Горка 1,34.416,59.583
Горка 2,33.933,59.533
Городок,34.733,59.2
Горушка,33.850,59.65
Гостихино,33.683,59.36600000000001
Григоркино,34.350,59.583
Гришкино,35.166,59.466
Дерева,34.200,59.65
Дорогощи,34.000,59.3
Дороховая,33.866,59.36600000000001
Дубняги,33.983,59.516000000000005
Дуброва,34.233,59.483000000000004
Дубровка,34.533,59.183
Дудинское,34.660,59.183
Дыми,33.783,59.583
Дятелка,34.700,59.216
Елзово,34.233,59.283
Ефимовский,34.700,59.5
Жилоток,33.666,59.483000000000004
Журавлево,34.716,59.35
Забелино,34.533,59.2
Заборье,35.233,59.516000000000005
Заголодно,34.650,59.45
Замошье,34.283,59.45
Заречье,34.330,59.566
Заручевье,34.150,59.55
Захожи,34.300,59.533
Золотово,33.783,59.35
Зубакино,34.000,59.3
Ивановское,35.416,59.666000000000004
Ивахново,35.433,59.7
Известковая,33.950,59.533
Казенное Село,34.316,59.633
Калинецкое,34.150,59.233000000000004
Карповская,34.283,59.583
Климово 1,34.700,59.2
Кожаково,34.816,59.4
Койгуши,34.716,59.7
Колбеки,33.783,59.383
Коли,34.500,59.5
Корвала,35.160,60.83
Коргорка,34.550,59.2
Коробище,35.466,59.683
Коростелево,34.683,59.216
Косково,34.366,59.6
Косой Ухаб,35.550,59.683
Костерино,35.366,59.633
Косые Харчевни,34.600,59.466
Красная Новь,34.316,59.61600000000001
Красная Речка,34.716,59.4
Красноборский,35.200,59.95
Красный Бор,35.216,59.966
Красный Броневик,33.683,59.566
Крутой Ручей,35.300,59.75
Курята,34.650,59.2
Ларьян,33.783,59.5
Лахта,34.983,59.916000000000004
Лидь,35.830,59.65
Лиственка,35.350,59.61600000000001
Логиново,34.666,59.2
Лукинское,35.830,59.716
Максимова Гора,33.783,59.36600000000001
Максимово,35.830,59.433
Малый Ручей,34.200,59.666000000000004
Марьино-Село,35.660,59.466
Масляная Гора,34.830,59.666000000000004
Матвеевское,34.283,59.5
Межуречье,33.766,59.45
Минецкое,33.966,59.666000000000004
Михайловские Концы,33.900,59.61600000000001
Михалево,34.483,59.566
Михеево,34.283,59.5
Мозолево,33.850,59.316
Моклаково,34.516,59.216
Мошня,33.783,59.4
Мулево,33.650,59.55
Мыза,34.716,59.283
Мышкино,34.700,59.35
Некрасово,34.216,59.216
Нижница,33.900,59.533
Никола,34.466,59.566
Никольское,34.966,59.516000000000005
Новая,34.830,59.55
Новиково,34.800,59.216
Новинка 1,33.933,59.666000000000004
Новли,34.233,59.483000000000004
Нойдала,34.950,60.15
Нос,34.650,59.516000000000005
Носово,33.766,59.4
Обрино,34.200,59.516000000000005
Овинец,33.900,59.35
Озерево,34.783,59.216
Озеро-Село,35.660,59.466
Ольеши,35.400,59.7
Орловский Шлюз,34.183,59.666000000000004
Осиновка,34.233,59.6
Остров 1,33.700,59.583
Остров 2,34.900,59.85
Павловские Концы,33.950,59.61600000000001
Падихино,33.833,59.65
Пакшеево,34.283,59.6
Перегорода,35.400,59.7
Перунь,35.333,59.61600000000001
Петрово,34.900,59.85
Платаново,35.500,59.466
Плутино,34.283,59.65
Плутно,34.966,59.5
Подбережье,34.783,59.466
Подборовье,35.330,59.5
Пожарище,34.916,59.833
Половное,34.160,59.266000000000005
Порог,34.250,59.65
Поток,35.150,59.466
Прокушево,34.933,59.916000000000004
Пронино,34.216,59.35
Пудрино,34.833,59.733000000000004
Пятино,34.650,59.666000000000004
Ростань,34.566,59.6
Рудная Горка,33.966,59.283
Русское,33.750,59.466
Рыбежка,33.783,59.666000000000004
Савино,34.330,59.266000000000005
Самойлово,34.250,59.5
Саньков Бор,35.216,59.966
Сафоново,34.516,59.566
Сегла,33.900,59.516000000000005
Селиваново,34.250,59.466
Семеново,34.450,59.566
Семеновское,34.660,59.266000000000005
Сенно,33.916,59.533
Сидорово,35.830,59.916000000000004
Симоново,33.950,59.533
Синенка,33.966,59.6
Славково,33.766,59.416000000000004
Слизиха,34.400,59.6
Совхозный,34.283,59.5
Сомино,34.866,59.35
Сосновый Бор,34.783,59.383
Спирово 1,34.283,59.183
Сташково,34.800,59.816
Стехново,35.100,59.533
Струги,34.183,59.216
Сухая Нива,34.566,59.55
Сычево,34.300,59.61600000000001
Тарасово,34.250,59.36600000000001
Тихвинская Гряда,34.883,59.883
Толсть,34.633,59.2
Турандино,34.666,59.15
Тургошь,35.166,59.3
Турково,33.783,59.6
Турлино,33.866,59.766000000000005
Турлинский Лесопункт,33.850,59.75
Тушемля,34.750,59.283
Угол,34.300,59.6
Ульяновщина,34.150,59.666000000000004
Усадище Дыми,33.816,59.583
Фетино,34.833,59.5
Финиково,34.316,59.61600000000001
Фомкино,34.216,59.283
Харлово,34.433,59.583
Хитиничи,33.816,59.716
Чайгино,34.883,59.883
Часовня,34.233,59.35
Чевакино,34.483,59.583
Черкасова Горка,34.233,59.35
Черницы,33.866,59.65
Чисть,34.683,59.183
Чудская,34.550,59.566
Чурилова Гора,34.266,59.3
Шибалово,34.983,59.5
Школа,33.783,59.36600000000001
Шульгино,34.783,59.216
Яковлево,34.183,59.666000000000004
Якшино,35.183,59.466
Ярцево,33.950,59.316
Верхневольский,35.416,59.533
Радогоща,34.850,59.783
Анташи,29.566,59.633
Аракюль,29.216,59.466
Арбонье,29.666,59.466
Бегуницы,29.316,59.583
Беседа,28.966,59.35
Большая Вруда,29.250,59.4
Большие Озертицы,29.330,59.5
Большие Сяглицы,29.333,59.416000000000004
Большое Заречье,29.783,59.383
Большое-Тешково,29.416,59.583
Большой Сабск,29.160,59.133
Будино,29.500,59.466
Буяницы,29.200,59.55
Везиково,29.600,59.516000000000005
Верницы,29.266,59.55
Волгово,29.600,59.566
Волна,29.133,59.2
Волосово,29.483,59.433
Волпи,29.500,59.3
Вруда,29.300,59.416000000000004
Высокие,29.483,59.483000000000004
Вязок,29.116,59.183
Глумицы,29.733,59.383
Голубицы,29.383,59.61600000000001
Голятицы,29.133,59.516000000000005
Гомонтово,29.266,59.566
Горицы,29.233,59.383
Горки,29.316,59.45
Горье,29.400,59.466
Гостятино,29.233,59.1
Греблево,29.400,59.55
Губаницы,29.533,59.483000000000004
Губино,29.683,59.416000000000004
Домашковицы,29.383,59.4
Донцо,29.783,59.416000000000004
Ермолино,29.700,59.5
Жилгородок,29.466,59.566
Загорицы,28.983,59.45
Заполье,29.500,59.383
Зимитицы,29.116,59.55
Зябицы,29.283,59.633
Извара,29.516,59.35
Извоз,29.166,59.2
Изори,29.830,59.11600000000001
Ильеши,29.116,59.5
Калитино,29.633,59.4
Каложицы,29.160,59.416000000000004
Кальмус,29.366,59.45
Канаршино,29.350,59.516000000000005
Кандикюля,29.516,59.566
Карпино,29.150,59.633
Карстолово,29.166,59.6
Каськово,29.500,59.61600000000001
Кемполово,29.483,59.583
Кивалицы,29.516,59.633
Кикерино,29.583,59.466
Клопицы,29.466,59.533
Княжево,29.150,59.466
Коноховицы,29.250,59.45
Коростовицы,29.183,59.583
Корчаны,29.660,59.533
Коряча,29.300,59.133
Красная Мыза,29.450,59.6
Красные Прологи,29.133,59.45
Красные-Череповицы,29.450,59.483000000000004
Красный Луч,29.133,59.283
Красный Маяк,29.233,59.15
Кряково,29.000,59.333
Курголово,29.600,59.5
Курковицы,29.666,59.433
Курск,29.133,59.316
Кюльвия,29.316,59.5
Лагоново,29.500,59.466
Лашковицы,29.216,59.633
Лемовжа,29.283,59.11600000000001
Ленино,29.116,59.36600000000001
Летошицы,29.266,59.36600000000001
Лиможа,29.516,59.36600000000001
Липовая Гора,29.716,59.466
Лисино,29.566,59.433
Максимовка,29.660,59.183
Малая Александровка,29.660,59.333
Малая Вруда,29.233,59.433
Малое Заречье,29.800,59.4
Малое-Тешково,29.416,59.583
Малые Озертицы,29.000,59.483000000000004
Малые Сяглицы,29.316,59.433
Марково,29.266,59.583
Медниково,29.500,59.55
Местаново,29.250,59.61600000000001
Модолицы,29.483,59.666000000000004
Молосковицы,29.830,59.4
Морозово,29.330,59.316
Муратово,29.566,59.566
Муромицы,29.183,59.483000000000004
Мыза-Котино,29.330,59.35
Мышкино,29.500,59.183
Негодицы,29.233,59.55
Неревицы,29.830,59.333
Новое Рагулово,29.160,59.35
Новые Красницы,29.183,59.333
Новые Раглицы,29.666,59.433
Новые Смолеговицы,29.330,59.36600000000001
Овинцево,29.166,59.4
Ожогино,29.583,59.583
Озертицы,29.483,59.383
Ольхово,29.383,59.55
Ославье,29.400,59.433
Остроговицы,29.830,59.383
Пикалево,34.150,59.516000000000005
Плещевицы,29.266,59.466
Поддубье,29.283,59.516000000000005
Полобицы,29.150,59.416000000000004
Прологи,29.150,59.433
Пружицы,29.660,59.516000000000005
Пятая Гора,29.750,59.45
Радицы,29.233,59.61600000000001
Раскулицы,29.266,59.5
Редежа,29.100,59.1
Редкино,29.160,59.166000000000004
Рекково,29.283,59.466
Реполка,29.600,59.266000000000005
Ржевка,29.416,59.5
Рогатино,29.433,59.433
Ронковицы,29.433,59.533
Рукулицы,29.200,59.61600000000001
Руссковицы,29.316,59.383
Рутелицы,29.500,59.6
Селище,29.550,59.233000000000004
Село,29.733,59.433
Сельцо,29.516,59.6
Синковицы,29.333,59.61600000000001
Слепино,29.660,59.183
Слободка,29.516,59.6
Смедово,29.216,59.533
Смердовицы,29.200,59.4
Сосницы,29.550,59.283
Сосново,29.633,59.2
Старицы,29.516,59.66
Старые Раглицы,29.666,59.4
Старые-Красницы,29.183,59.333
Старые-Смолеговицы,29.500,59.36600000000001
Сумино,29.483,59.466
Сумск,29.830,59.283
Сырковицы,29.150,59.35
Сяглицы,29.333,59.416000000000004
Твердять,29.433,59.83
Теглицы,29.250,59.65
Терпилицы,29.366,59.483000000000004
Торосово,29.566,59.516000000000005
Тресковицы,29.266,59.433
Труново,29.150,59.61600000000001
Тухово,29.183,59.483000000000004
Устье,29.200,59.233000000000004
Ухора,29.283,59.35
Ушевицы,29.000,59.466
Химосово,29.183,59.466
Холоповицы,29.683,59.433
Хотнежа,29.300,59.133
Хотыницы,29.500,59.433
Хревицы,28.966,59.4
Худанки,29.316,59.483000000000004
Черенковицы,29.216,59.516000000000005
Черное,29.600,59.333
Чирковицы,29.150,59.55
Шадырицы,29.660,59.316
Шелково,29.450,59.633
Эдази,29.633,59.45
Язвище,29.830,59.15
Ямки,29.283,59.4
Ястребино,28.950,59.383
Аврово,32.566,60.1
Алексино,32.583,60.5
Алферово,32.950,59.9
Андреевщина,32.666,60.16
Антипово,32.700,60.15
Ашперлово,33.550,60.166000000000004
Бабино,32.333,60.33
Баландина,33.660,60.36600000000001
Балдино,33.166,60.3
Безово,32.566,59.816
Белое,33.000,59.85
Белые Кресты,32.433,60.33
Бережки,32.333,59.75
Бисково,32.933,59.95
Блитово,32.283,59.7
Болотово,32.316,59.75
Большая Весь,33.133,60.316
Бор 1,33.350,60.233000000000004
Бор 2,32.566,59.95
Бор 3,32.350,59.85
Бор 4,32.766,59.883
Бороничево,32.333,59.833
Братовищи,32.366,59.783
Валим,32.350,59.883
Васкиничи,32.916,59.816
Вегота,32.160,60.33
Великое Село,32.583,60.0
Вельца,32.366,59.833
Веретье,32.466,59.86600000000001
Верховина,32.600,59.716
Весь 1,32.383,60.5
Виковщина,32.283,59.966
Волосово,32.900,60.316
Волхов,32.333,59.916000000000004
Вольково,32.150,59.86600000000001
Вонга,33.366,60.183
Вороново,32.650,60.266000000000005
Воскресенское,32.900,59.85
Выдрино,31.983,59.966
Вымово,32.816,60.33
Вындин Остров,32.350,59.8
Вячково,32.450,59.9
Гверстовка,32.866,59.86600000000001
Голтово,32.000,59.95
Горка 1,32.933,59.816
Горка 2,32.733,59.95
Горное,32.700,60.266000000000005
Гостинополье,32.350,59.816
Дубно,31.983,60.216
Дуброво,32.633,59.833
Дудачкино,32.883,59.95
Дяглево,32.566,59.966
Ежева,32.583,59.966
Елошня,32.516,59.833
Емское,33.166,60.3
Жупкино,32.433,59.783
Загубье,32.766,60.433
Залесье,32.660,59.816
Замошье,32.333,59.75
Заовражье,32.250,59.7
Заполек,32.350,59.95
Запорожье,32.366,59.85
Заречье,32.683,60.15
Зеленая Долина,32.250,59.983000000000004
Златынь,32.450,60.33
Иевково,32.950,60.316
Исаево,33.830,60.383
Иссад,32.350,60.66
Каменка,32.816,60.16
Карпино,33.000,60.433
Кивгода,31.716,60.216
Кивуя,32.816,60.66
Кикино,32.300,59.95
Кипуя,32.330,59.983000000000004
Кисельня,32.150,60.0
Козарево,32.166,59.9
Коленец,32.750,59.916000000000004
Колчаново,32.583,60.33
Кондега,33.500,60.233000000000004
Коскеницы,32.583,60.16
Костино,33.366,60.216
Кроватыни,32.533,59.783
Куколь,32.550,59.86600000000001
Кулаково,32.716,60.0
Кумин Бор,32.766,60.66
Кустково,32.366,60.33
Кути,32.100,59.966
Лавния,31.966,60.83
Леоновщина,32.533,59.816
Лесозавод,33.660,60.383
Лигово,31.800,60.216
Лисички,32.283,59.933
Логиново,32.933,59.9
Лука,32.750,59.9
Лукина Изба,33.416,60.333
Лунгачи,32.666,60.133
Льзи,32.716,59.966
Любынь,32.233,59.766000000000005
Малашата,33.366,60.233000000000004
Малая Весь,33.150,60.316
Манихино,32.966,60.35
Матеево,32.566,60.83
Межумошье,32.300,60.33
Мелекса,32.750,59.916000000000004
Местовка,32.233,60.0
Монастырек,32.000,59.95
Моршагино,32.283,59.816
Мыслино,32.600,59.833
Наволок,32.733,59.95
Надозерье,32.933,59.916000000000004
Нивы,32.583,59.95
Низино,32.633,60.166000000000004
Николаевщина,33.216,60.316
Новая,32.830,60.0
Новая Деревня,33.250,60.283
Новинка,33.533,60.166000000000004
Новое Ковалёво,30.566,59.983000000000004
Новозотовское,33.830,60.35
Нурма,32.500,59.966
Октябрьская Слобода,33.100,60.4
Остров 2,32.900,59.86600000000001
Отаево,32.550,60.1
Охромовщина,32.516,59.816
Панево,32.366,59.8
Пашский Перевоз,32.983,60.4
Перевоз,32.550,60.1
Пески,32.133,60.16
Песчаница,32.933,60.35
Печеничино,33.366,60.216
Плеханово,32.333,59.95
Плотичное,32.350,59.833
Погостище,32.850,59.86600000000001
Подбережье,32.966,60.45
Подвязье,32.533,59.816
Подол,32.333,60.33
Подъелье,33.366,60.216
Помялово,32.350,59.766000000000005
Порог,32.850,59.86600000000001
Пороги,32.333,59.883
Посадница,32.583,60.5
Потанино,32.783,60.266000000000005
Прокшеницы,32.816,59.86600000000001
Пруди,32.933,59.833
Прусынская Горка,32.266,59.716
Прусыня,32.233,59.716
Пульница,32.566,60.1
Пупышево,32.100,59.9
Пурово,32.000,59.883
Раменье,32.500,59.883
Реброво,32.583,60.66
Ручей,32.533,59.8
Ручьи,33.330,60.383
Рыбежно,33.830,60.333
Рыжково,32.583,60.83
Рязановщина,33.500,60.383
Свирица,32.900,60.466
Свирь-Городок,32.616,60.133
Селиваново,32.666,60.2
Селиверстово,32.116,60.0
Симанково,32.350,59.95
Скит,32.683,59.816
Славково,32.466,59.816
Смелково,33.166,60.3
Соловьево,32.116,60.33
Сонино,32.900,60.35
Старая Ладога,32.300,60.0
Старая Силовая,33.830,60.36600000000001
Столбово,32.800,59.883
Сторожно,32.616,60.533
Сумское,31.883,60.216
Сырецкое,32.683,59.9
Сюрья,32.660,60.33
Тайбольское,33.830,60.35
Телжево,32.750,60.2
Теребонижье,32.500,59.8
Теребочево,32.216,59.75
Теребуня,32.733,59.933
Тихомировщина,32.816,60.11600000000001
Токарево,32.933,59.916000000000004
Трусово,32.250,60.33
Труфаново,32.216,59.933
Ульяшево,32.366,59.8
Урицкое,33.350,60.233000000000004
Усть-Рыбежно,33.116,60.333
Хамонтово,32.566,60.0
Харчевня,31.950,60.66
Хвалово,32.733,59.95
Хотово,32.830,59.75
Хотуча,32.316,59.75
Чажешно,32.250,59.733000000000004
Часовенское,33.333,60.25
Черноручье,32.400,59.633
Черноушево,32.160,60.66
Чуново,32.816,60.216
Шахново,32.683,60.266000000000005
Шолтоло,32.850,60.283
Шурягские Караулки,32.650,60.333
Юхора,32.783,59.9
Юшково,32.316,60.83
Яхново,32.633,60.16
Яхновщина,32.550,59.966
Лахта,32.600,60.316
Новая Ладога,32.316,60.11600000000001
Сясьстрой,32.566,60.133
Агалатово,30.283,60.216
Бабино,30.700,60.83
Белоостров,30.160,60.15
Бернгардовка,30.600,60.16
Большие Киркиомяки,30.233,60.433
Борисова Грива,30.966,60.1
Бугры,30.400,60.66
Ваганово,31.160,60.83
Вартемяги,30.316,60.166000000000004
Васкелово,30.366,60.36600000000001
Воейково,30.716,59.95
Волоярви,30.766,60.3
Всеволожск,30.666,60.16
Вуолы,30.533,60.333
Гавань,30.933,60.233000000000004
Ганнибаловка,31.500,60.0
Гарболово,30.500,60.333
Грузино,30.450,60.316
Дранишники,30.266,60.133
Дубровка,30.933,59.85
Дунай,30.933,59.966
Елизаветинка,30.216,60.266000000000005
Заневка,30.516,59.933
Змеиный,30.866,60.66
им. Морозова,31.330,59.983000000000004
Ириновка,30.900,60.83
Кавголово,30.433,60.183
Кальтино,30.666,59.966
Каменка,30.883,59.983000000000004
Касимово,30.316,60.2
Катумы,30.600,60.36600000000001
Керро,30.300,60.316
Кирпичный Завод,30.800,60.16
Кокорево,31.660,60.66
Колтуши,30.666,59.933
Кошкино,31.660,59.983000000000004
Краськово,30.900,60.316
Кудрово,30.516,59.9
Кузьмолово,30.483,60.11600000000001
Кяселево,30.650,60.5
Лаврики,30.450,60.83
Ладожский Трудпоселок,31.330,60.66
Ладожское Озеро,31.660,60.133
Лепсари,30.833,60.133
Лесное,30.216,60.383
Лехтуси,30.566,60.283
Лупполово,30.283,60.15
Манушкино,30.816,59.883
Матокса,30.616,60.316
Мендсары,30.350,60.133
Морье,31.330,60.166000000000004
Мурино,30.450,60.5
Мяглово,30.683,59.883
Нижние Осельки,30.433,60.216
Никитилово,30.500,60.333
Новое Токсово,30.566,60.2
Нясино,30.766,60.35
Орехово,30.250,60.466
Осельки,30.500,60.2
Павлово,30.666,59.933
Пасечено,31.500,59.966
Пери,30.466,60.25
Плинтовка,30.766,60.16
Порошкино,30.350,60.11600000000001
Пурново,30.666,60.183
Размителево,30.683,59.9
Рапполово,30.433,60.166000000000004
Рахья,30.816,60.83
Романовка,30.700,60.5
Рохма,30.383,60.25
Сарженка,30.250,60.2
Сертолово,30.216,60.133
Скотное,30.366,60.183
Стеклянный,30.250,60.383
Тавры,30.700,59.916000000000004
Токсово,30.516,60.15
Хапо-Ое,30.750,59.883
Хирвости,30.616,59.95
Хиттолово,30.533,60.233000000000004
Шереметьевка,31.330,59.966
Щеглово,30.766,60.33
Энколово,30.433,60.11600000000001
Юкки,30.283,60.11600000000001
Янино,30.600,59.933
Чёрная Речка,30.150,60.166000000000004
Алакуль,29.916,60.233000000000004
Александровка,28.966,60.4
Андреевское,28.183,60.716
Балтиец,28.283,60.633
Балтийское,28.783,60.333
Барышево,29.566,60.7
Бередниково,29.300,58.733000000000004
Бойково,29.450,60.283
Большое Градуево,29.830,60.8
Большое Поле,28.500,60.7
Большой Бор,28.133,60.533
Борки,29.550,60.566
Боровинка,29.250,60.95
Бородинское,29.400,61.16
Брусничное,28.716,60.8
Булановка,28.266,60.8
Буслово,28.416,60.816
Великое,28.233,60.666000000000004
Вещево,29.183,60.716
Владимировка,29.116,60.416000000000004
Владимирово,29.133,60.4
Возрождение 1,28.966,60.85
Возрождение 2,29.330,60.916000000000004
Волочаевка,29.633,60.466
Выборг,28.733,60.716
Вязы,28.550,60.433
Гаврилово,29.500,60.6
Гвардейское,28.950,60.8
Глебычево,28.716,60.45
Глубокое 1,28.916,60.86600000000001
Годуновка,28.533,60.45
Гончарово,28.933,60.7
Горка,28.150,60.6
Горки,29.733,60.3
Горское,29.416,61.83
Гранитное,29.966,61.66
Гранитное,29.333,60.65
Грибное,29.316,60.6
Дружноселье,28.766,60.916000000000004
Дубинино 1,29.500,60.916000000000004
Дубки 1,29.500,60.61600000000001
Дымово,29.383,61.15
Дятлово,28.933,60.466
Ермилово,28.766,60.35
Житково,29.333,60.7
Заводской,29.383,60.483000000000004
Зайцево,29.433,61.66
Залесье,29.350,61.266000000000005
Заполье,29.233,60.35
Заречье 1,28.550,60.766000000000005
Заречье 2,29.000,60.316
Заходское,29.350,60.416000000000004
Зверево,29.500,60.683
Зеленый Холм,29.183,60.316
Зелёная Роща,29.133,60.166000000000004
Земляничное,29.250,60.9
Ильинское,29.516,61.1
Ильичево,29.766,60.266000000000005
Искра,29.350,60.6
Искровка,28.733,60.833
Каменка,29.100,60.45
Каннельярви,29.400,60.35
Карасевка,28.683,60.35
Карповка,28.350,60.766000000000005
Кирилловское,29.283,60.466
Кировское,29.900,60.433
Кирпичное,29.366,60.466
Клеверное,29.150,60.316
Климово,29.500,60.6
Ключевое,28.683,60.466
Козлово,29.550,60.966
Комсомольское,28.800,60.86600000000001
Кондратьево,28.150,60.633
Коробицыно,29.716,60.516000000000005
Кравцово,28.566,60.766000000000005
Красная Горка,27.966,60.633
Красная Долина,28.983,60.35
Краснознаменка,29.816,60.4
Красносельское,29.483,60.55
Красный Сокол,29.266,60.9
Красный Холм,28.816,60.766000000000005
Кубенское,28.366,60.633
Кузьминское,29.416,60.7
Кутузово,28.416,60.85
Лазоревка,28.816,60.683
Ландышевка,28.683,60.5
Лебедевка,28.933,60.633
Лейпясуо,29.150,60.55
Ленинское,29.850,60.216
Лесное,30.500,60.36600000000001
Лесогорский,28.933,61.33
Липовка,28.983,60.916000000000004
Лосево,28.983,61.83
Луговое,28.266,60.6
Лужайка,28.483,60.8
Лужки,29.000,60.266000000000005
Майское,28.633,60.583
Малышево,28.866,60.4
Мамонтовка,29.160,60.4
Маслово,29.550,60.983000000000004
Матросово,28.733,60.61600000000001
Медянка,28.666,60.583
Местерьярви,29.266,60.2
Михайловка,28.900,60.916000000000004
Михалево,29.433,61.0
Мощное,28.200,60.766000000000005
Мухино,29.533,60.266000000000005
Нагорное,29.416,60.5
Нахимовское,29.516,60.383
Никифоровское,28.983,60.933
Овсово,28.983,60.8
Овсяное,29.466,60.45
Озерки,29.000,60.216
Озерки 2,29.683,60.316
Озерное 1,29.000,60.733000000000004
Озерное 2,29.116,60.25
Озерское,29.483,60.86600000000001
Октябрьское,29.266,60.183
Осетрово,29.266,60.216
Осиновка,29.660,60.683
Остров,29.200,60.916000000000004
Отрадное,28.650,60.716
Охотничье,29.350,60.61600000000001
Пальцево,28.883,60.766000000000005
Папоротниково,29.500,60.61600000000001
Первомайское,29.750,60.36600000000001
Перевозное,29.133,60.9
Перово,28.933,60.683
Пески,29.266,60.166000000000004
Песочное,29.366,60.166000000000004
Пионерское,28.983,60.36600000000001
Пограничное,28.366,60.85
Подберезье,28.583,60.7
Подборовье,28.516,60.683
Подгорное 1,29.250,60.266000000000005
Подгорное 2,29.883,60.35
Подгорье,29.550,60.466
Полевое,29.250,61.183
Поляны,29.266,60.316
Попово,28.700,60.583
Правдино 2,28.850,61.16
Прибылово,28.666,60.433
Приветнинский Карьер,29.350,60.183
Приветнинское,29.416,60.166000000000004
Пруды,29.330,61.16
Пушное,29.466,60.4
Пчелино,29.450,60.61600000000001
Решетниково,29.700,60.233000000000004
Рощино,29.616,60.25
Ручьи,29.566,61.15
Рябово,28.983,60.35
Свекловичное,28.783,60.583
Свердлово,28.816,60.6
Светлое,28.866,60.666000000000004
Свободное,29.300,61.66
Семиозерье,29.300,60.316
Симагино,29.816,60.283
Синицыно,29.500,60.516000000000005
Славянское,29.300,60.883
Смирново,28.916,60.75
Советский,28.683,60.533
Солнцево 1,29.500,61.183
Сопки,29.450,60.233000000000004
Сосновая Горка,28.916,60.95
Сосновское,28.633,60.933
Сосновый Бор,29.116,60.35
Старорусское,29.150,60.383
Староселье,29.383,60.5
Сторожевое,28.766,61.5
Стрельцово,29.283,60.6
Сурсари (Гогланд),27.000,60.66
Сысоевская,29.316,60.983000000000004
Тарасово,29.316,60.266000000000005
Тарасовское,29.133,60.266000000000005
Тарханово,28.150,60.716
Термолово,30.500,60.316
Токарево,28.783,60.516000000000005
Толоконниково,28.983,60.633
Торфяновка 2,27.933,60.583
Улыбино,28.866,60.733000000000004
Урожайное,29.200,60.35
Усадище,28.466,60.783
Уткино,29.233,60.266000000000005
Харитоново,28.600,60.75
Холмово,29.466,61.33
Холмы,29.250,60.35
Цвелодубово,29.550,60.383
Цветочное,28.650,60.883
Чайко,29.783,60.333
Черкасово 1,28.883,60.65
Черниговка,29.633,60.433
Черничное,28.850,60.483000000000004
Чистополье,28.000,60.533
Чулково,28.383,60.666000000000004
Шевелево,29.400,60.333
Шлюз Гремучий,29.466,60.75
Яковлево,29.483,60.3
Яппиля,29.166,60.233000000000004
Яшино,28.433,60.783
Высоцк,28.566,60.6
Каменногорск,29.116,60.966
Патио,27.800,60.5
Светогорск,28.850,61.11600000000001
Шанц,29.683,60.33
Авколево,29.783,59.466
Акколово,29.866,59.566
Алапурская,29.983,59.633
Алексеевка,29.766,59.516000000000005
Антелево,30.350,59.6
Антропшино,30.416,59.65
Ахмузи,29.950,59.633
Батово,29.883,59.316
Белогорка,30.133,59.35
Березнево,29.750,59.533
Большая Ивановка,30.660,59.666000000000004
Большево,30.330,59.333
Большие Борницы,29.900,59.516000000000005
Большие Слудицы,30.483,59.283
Большие Тайцы,30.100,59.666000000000004
Большие-Колпаны,30.660,59.533
Большое Верево,30.183,59.633
Большое Жабино,29.666,59.6
Большое Ондрово,29.750,59.583
Большое-Рейзино,30.500,59.6
Бор,30.283,59.6
Борисово,30.466,59.316
Бугры,30.233,59.633
Вайя,30.150,59.6
Вайялово,30.116,59.6
Вакколово,30.660,59.516000000000005
Введенская,30.450,59.36600000000001
Веккелево,30.250,59.6
Вероланцы,29.766,59.483000000000004
Виркино,30.283,59.483000000000004
Владимирская,30.350,59.566
Владимирский,30.366,59.583
Войсковицы,29.933,59.55
Волгово,29.850,59.533
Вопша,30.500,59.483000000000004
Воскресенское,30.116,59.466
Вохоново,29.800,59.55
Выра,29.950,59.35
Вырица,30.350,59.416000000000004
Вытти,29.783,59.583
Вяхтелево,30.366,59.6
Гамболово,30.383,59.65
Гатчина,30.133,59.566
Горки 1,30.216,59.61600000000001
Горки 2,30.450,59.416000000000004
Грязно,29.916,59.333
Даймище,29.900,59.316
Дальний,30.533,59.83
Дивенская,30.160,59.2
Дони,30.233,59.666000000000004
Дружная Горка,30.133,59.283
Дружноселье,30.660,59.316
Дубицы,29.850,59.533
Дылицы,29.750,59.483000000000004
Елизаветино,29.783,59.5
Заборье,30.250,59.483000000000004
Зайцево 2,30.500,59.266000000000005
Замостье,29.916,59.35
Заозерье,30.830,59.233000000000004
Заполье,29.733,59.5
Ивановка 1,30.166,59.6
Ивановка 2,29.983,59.61600000000001
Ижора,30.216,59.65
Ижоры,29.800,59.5
Изора,30.116,59.316
им. Рошаля,30.660,59.566
Истинка,30.500,59.65
Карташевская,30.660,59.4
Кастино,29.800,59.6
Каушта,30.483,59.416000000000004
Кезелево,29.916,59.633
Кемпелево,29.833,59.61600000000001
Кирлово,30.100,59.633
Клетно,30.466,59.316
Кобралово,30.333,59.6
Кобринское,30.116,59.416000000000004
Ковшово,30.283,59.466
Колодези,29.716,59.55
Коммолово,30.233,59.65
Коммунар,30.400,59.61600000000001
Корпиково,30.160,59.566
Корпикюля,30.266,59.61600000000001
Корписалово,29.933,59.466
Котельниково,30.160,59.583
Красницы,30.350,59.45
Кремено,30.483,59.5
Крокшево,29.650,59.61600000000001
Куйдузи,29.883,59.633
Куровицы,30.133,59.383
Лайдузи,29.866,59.633
Лампово,30.660,59.283
Луйсковицы,29.800,59.533
Лукаши,30.300,59.6
Лядино,30.500,59.516000000000005
Ляды,29.783,59.316
Лязево,30.116,59.316
Малое Верево,30.166,59.61600000000001
Малое Замостье,30.216,59.55
Малое Ондрово,29.766,59.6
Малое-Рейзино,30.660,59.6
Малукса,31.416,59.61600000000001
Малые Борницы,29.866,59.516000000000005
Малые Слудицы,30.483,59.3
Малые-Колпаны,30.830,59.55
Марьино,30.383,59.633
Межно,30.160,59.35
Мельница,30.100,59.45
Меньково,30.330,59.433
Мины,30.400,59.416000000000004
Монделево,30.366,59.61600000000001
Мута-Кюля,29.966,59.65
Муттолово,29.833,59.583
Мыза,30.233,59.5
Мыза-Ивановка,30.500,59.61600000000001
Натальевка,29.883,59.483000000000004
Нестерково,30.550,59.166000000000004
Никольское 1,30.000,59.45
Новая,29.816,59.483000000000004
Новинка,30.366,59.183
Новое Колено,29.983,59.433
Новое Поддубье,29.983,59.383
Новое Хинколово,29.916,59.483000000000004
Новокузнецово,30.830,59.466
Новоселки,29.833,59.55
Новые Низковицы,29.700,59.633
Новые Черницы,30.330,59.5
Ознаково,29.733,59.55
Ольховец,30.400,59.133
Орловские Ключи,30.183,59.65
Остров,30.330,59.266000000000005
Парицы,30.330,59.533
Пегелево,30.116,59.61600000000001
Педлино,29.966,59.583
Пеньково,29.950,59.55
Переярово,29.766,59.633
Петрово,29.966,59.65
Пеушалово,29.850,59.61600000000001
Пижма,30.166,59.5
Питкелево,29.900,59.533
Погост,30.660,59.45
Поддубье,29.966,59.36600000000001
Покизен-Пурская,30.160,59.633
Покровская,30.400,59.65
Порицы,30.383,59.633
Порожек,30.516,59.233000000000004
Пудомяги,30.316,59.6
Пудость,30.830,59.6
Пульево,29.716,59.5
Пустошка,30.216,59.516000000000005
Раболово,29.716,59.55
Реболово,29.900,59.55
Репполово,30.350,59.61600000000001
Рождествено,29.933,59.316
Романовка,30.200,59.61600000000001
Ронилово,29.900,59.533
Ротково,29.966,59.466
Руссолово,30.216,59.6
Рыбацкий,30.330,59.333
Рыбицы,29.983,59.333
Рябизи,29.983,59.5
Сабры,30.283,59.583
Саванкюля,29.783,59.61600000000001
Савкино,30.550,59.216
Семрино,30.383,59.533
Сеппелево,29.950,59.533
Сиверский,30.830,59.35
Симанково,30.100,59.25
Скворицы,29.950,59.65
Слудицы,30.383,59.3
Смольково,29.716,59.5
Сокколово,30.660,59.583
Старицы,30.830,59.666000000000004
Старое Колено,30.000,59.416000000000004
Старое Поддубье,29.966,59.383
Старое Хинколово,29.916,59.466
Старые Низковицы,29.716,59.6
Старые Черницы,30.160,59.483000000000004
Сусанино,30.366,59.5
Сяськелево,29.850,59.55
Тайворово,29.866,59.566
Тайцы,30.133,59.666000000000004
Таровицы,29.833,59.533
Тихвинка,30.660,59.65
Тихковицы,29.950,59.416000000000004
Тозырево,29.983,59.266000000000005
Фьюнатово,29.683,59.566
Хаймино,30.516,59.233000000000004
Химози,30.100,59.533
Хиндикалово,29.933,59.566
Холоповицы,29.766,59.5
Чаща,30.416,59.83
Черново,29.983,59.55
Чикино,29.833,59.316
Шаглино,30.233,59.6
Шпаньково,29.850,59.5
Эду,29.816,59.5
Юля-Пурская,30.000,59.633
Яскелево,29.766,59.516000000000005
Александровская Горка,28.533,59.4
Алексеевка,28.766,59.433
Арболово,28.933,59.65
Бабино,28.566,59.583
Березняки,28.566,59.666000000000004
Большая Пустомержа,28.883,59.383
Большая Рассия,28.716,59.666000000000004
Большие Валговицы,28.533,59.65
Большое Куземкино,28.183,59.583
Большое Райково,28.800,59.733000000000004
Большое Руддилово,28.783,59.566
Большое Стремление,28.666,59.75
Большой Луцк,28.566,59.416000000000004
Брюмбель,28.833,59.4
Валья,28.850,59.483000000000004
Ванакюля,28.183,59.516000000000005
Вассакара,28.783,59.65
Веймарн,28.833,59.4
Великино,28.600,59.633
Велькота,28.883,59.6
Вердия,28.650,59.65
Ветки,28.833,59.316
Вистино,28.483,59.783
Волково,28.200,59.533
Воронкино,28.983,59.633
Георгиевский,28.766,59.55
Головкино,28.883,59.7
Горка 1,28.900,59.55
Горка 2,28.133,59.483000000000004
Горки 2,28.766,59.45
Гурлево,28.900,59.466
Дальняя Поляна,28.300,59.45
Домашово,28.950,59.55
Дубки,28.466,59.75
Елизаветино,28.583,59.633
Жабино,28.483,59.433
Забелье,28.950,59.283
Заозерье,28.700,59.716
Заполье,28.750,59.45
Заречье,28.283,59.383
Ивановское,28.866,59.283
Извоз,28.300,59.433
Ильмово,28.766,59.7
Именицы,28.900,59.36600000000001
Иципино,28.883,59.666000000000004
Кайболово,28.883,59.566
Калливере,28.150,59.5
Караваево,28.666,59.633
Касколовка,28.650,59.383
Кейкино,28.250,59.466
Керстово,28.783,59.483000000000004
Кикерицы,28.783,59.516000000000005
Килли,28.733,59.466
Кингисепп,28.600,59.36600000000001
Кингисеппский,28.550,59.4
Кирьямо,28.830,59.65
Кленно,28.716,59.3
Комаровка,28.333,59.383
Коммунар,28.783,59.466
Конново,28.330,59.683
Копаницы,28.750,59.7
Корветино,28.650,59.633
Корпово,28.866,59.416000000000004
Косколово,28.450,59.666000000000004
Котлы,28.750,59.6
Красная Горка,28.466,59.733000000000004
Крупино,28.800,59.633
Курголово,28.100,59.766000000000005
Куровицы,28.266,59.516000000000005
Кямиши,28.616,59.633
Лесобиржа,28.616,59.333
Липковицы,28.900,59.583
Липово,28.183,59.75
Логи,28.483,59.816
Лоузно,28.966,59.583
Лужицы,28.350,59.65
Луизино,28.816,59.683
Лялицы,28.850,59.45
Малая Пустомержа,28.900,59.4
Малая Рассия,28.733,59.65
Малое Куземкино,28.183,59.6
Малое Райково,28.783,59.733000000000004
Малый Луцк,28.583,59.416000000000004
Манновка,28.300,59.45
Мануйлово,28.850,59.36600000000001
Марфицы,28.933,59.583
Матовка,28.683,59.65
Маттия,28.650,59.61600000000001
Межники,28.233,59.633
Мишино,28.483,59.733000000000004
Монастырьки,28.800,59.633
Мышкино,28.816,59.7
Нарядово,28.933,59.633
Недоблицы,28.916,59.35
Нежново,28.783,59.683
Неппово,28.816,59.61600000000001
Новое Гарколово,28.633,59.8
Новое Куземкино,28.200,59.566
Новое Устье,28.833,59.766000000000005
Новоселки,28.800,59.45
Онстопель,28.916,59.4
Ополье,28.833,59.433
Ореховая Горка,28.233,59.383
Орлы,28.250,59.483000000000004
Павлово,28.783,59.683
Падога,28.550,59.4
Пейпия,28.716,59.766000000000005
Первое Мая,28.383,59.4
Перелесье,28.966,59.633
Пиллово,28.733,59.55
Получье,28.466,59.583
Порожки,29.000,59.61600000000001
Порхово,28.616,59.316
Преображенка,28.183,59.65
Пулково,28.350,59.416000000000004
Пумалицы,28.733,59.566
Пятчино,28.666,59.716
Раговицы,28.816,59.5
Раннолово,28.733,59.566
Ратчино,29.000,59.566
Ропша,28.166,59.566
Ряттель,28.700,59.61600000000001
Савикино,28.616,59.6
Саккало,28.850,59.466
Сала,28.400,59.433
Саркюля,28.660,59.483000000000004
Сашино,29.160,59.61600000000001
Свейск,28.433,59.416000000000004
Семейское,28.816,59.7
Сережино,28.316,59.433
Систа,29.330,59.6
Слободка,28.466,59.7
Среднее Райково,28.800,59.733000000000004
Среднее Село,28.816,59.316
Старое Гарколово,28.666,59.8
Струпово,28.150,59.61600000000001
Тарайка,28.650,59.533
Тикопись,28.716,59.4
Тисколово,28.330,59.716
Торма,28.900,59.383
Туганы,28.550,59.25
Удосолово,28.900,59.61600000000001
Унатицы,28.966,59.6
Ундово,28.750,59.633
Усть-Луга,28.250,59.666000000000004
Фалилеево,28.933,59.533
Хаболово,28.500,59.61600000000001
Ханике,28.150,59.55
Холодные Ручьи,28.766,59.716
Шуговицы,28.933,59.36600000000001
Югантово,28.466,59.716
Юрки,28.916,59.266000000000005
Ямсковицы,28.816,59.416000000000004
Венекюла,28.830,59.466
Андреево,32.330,59.55
Бабино,31.866,59.6
Багольник,32.160,59.55
Белая,32.283,59.35
Березняк,32.366,59.316
Березовик,31.783,59.383
Бестоголово,32.633,59.283
Бор,32.500,59.533
Борутино,32.433,59.35
Будогощь,32.450,59.283
Васильково,32.350,59.3
Витка,32.300,59.566
Гатика,31.950,59.633
Глажево,32.830,59.683
Городище,32.133,59.633
Гороховец,31.850,59.61600000000001
Горчаково,32.400,59.35
Горятино,32.616,59.266000000000005
Градоша,32.566,59.283
Гремячево,32.400,59.216
Дидлово,32.616,59.15
Дорожницы,32.666,59.25
Дубняги,32.400,59.5
Дуняково,32.366,59.566
Жарок,31.633,59.566
Железная Гора,32.383,59.35
Званка,32.600,59.283
Змеева Новинка,32.583,59.183
Извоз,31.850,59.36600000000001
Ирса,31.900,59.45
Кириши,32.000,59.433
Клинково,32.333,59.2
Ключи,32.566,59.183
Крапивно,32.716,59.4
Красная Горка,32.516,59.2
Крестцы,32.533,59.183
Криваши,32.500,59.716
Кровино Сельцо,32.500,59.333
Кукуй,32.550,59.35
Кусино,31.800,59.383
Лашино,32.683,59.266000000000005
Луг,32.650,59.35
Манушкино,32.133,59.666000000000004
Мелехово,31.816,59.36600000000001
Мемино,31.966,59.733000000000004
Меневша,31.766,59.333
Могилево,32.483,59.316
Мотохово,32.383,59.533
Наволок,32.166,59.666000000000004
Наростыня,31.916,59.61600000000001
Новая,32.500,59.35
Олешенка,32.650,59.166000000000004
Оломна,31.883,59.633
Оснички,32.660,59.55
Половинник,32.633,59.233000000000004
Порог,32.433,59.36600000000001
Посадников Остров,31.833,59.5
Посадниково,31.900,59.466
Пчева,32.830,59.566
Пчевжа,32.333,59.35
Рахово,32.500,59.2
Смолино,32.650,59.133
Солоницы,32.483,59.36600000000001
Среднее Село,32.683,59.25
Тихорицы,32.830,59.61600000000001
Усть-Черная,32.660,59.516000000000005
Черенцово,32.200,59.7
Чирково,32.116,59.516000000000005
Шелогино,32.500,59.583
Яшкино,32.650,59.283
Александровка,31.516,59.8
Алексеевка,31.516,59.833
Апраксино,31.200,59.783
Бабаново,31.683,59.9
Белозерки,31.666,60.166000000000004
Березовка,31.350,59.61600000000001
Бор,31.666,60.33
Валдома,31.866,59.9
Валовщина,31.483,59.85
Васильково,31.583,59.86600000000001
Верола,31.716,60.33
Войбокало,31.833,59.883
Войпала,31.683,59.86600000000001
Войтолово,30.983,59.716
Восход,31.250,59.916000000000004
Выстав,31.716,59.983000000000004
Гавсарь,31.800,60.33
Георгиевское,31.330,59.433
Горгала,31.816,59.933
Горка,31.783,59.916000000000004
Горки,31.160,59.566
Горная-Шальдиха,31.466,59.86600000000001
Городище,31.583,59.883
Горы,29.833,60.983000000000004
Горы,30.966,59.75
Дачное,30.983,59.766000000000005
Дуброво,33.566,59.85
Дусьево,31.733,59.933
Жоржино,31.330,59.583
Замошье,31.533,59.85
Иваново,31.100,59.666000000000004
Канзы,31.700,59.86600000000001
Карпово,31.883,59.933
Кировск,31.000,59.86600000000001
Кирсино,31.100,59.633
Кобона,31.566,60.16
Койчала,31.850,59.916000000000004
Колосарь,31.683,59.95
Концы,31.716,59.883
Корнёво,30.750,60.5
Лаврово,31.583,59.95
Лебяжье,29.566,60.316
Леднево,31.533,60.66
Лезье,31.100,59.683
Лукинское,31.550,59.86600000000001
Марьино,31.000,59.9
Мга,31.660,59.766000000000005
Митола,31.750,60.0
Михайловское,31.150,59.783
Мишкино,30.750,59.7
Мостовая,31.633,60.16
Мучихино,31.516,59.86600000000001
Муя,31.216,59.666000000000004
Нагорный,30.266,59.716
Назия,31.583,59.833
Нижняя Шальдиха,31.450,59.9
Низово,31.616,60.33
Никольское,31.533,59.883
Новая Малукса,31.416,59.633
Новинка,30.966,59.783
Новый Быт,31.916,59.883
Нурма,31.160,59.55
Остров,31.833,60.5
Островное,28.650,60.7
Отрадное,30.816,59.783
Павлово,30.900,59.816
Падрила,31.783,59.833
Пейчала,31.800,59.9
Петрово,31.183,59.683
Петровское,28.550,60.333
Петровщина,31.500,59.86600000000001
Пиргора,31.750,59.916000000000004
Погостье,31.533,59.6
Подолье,31.583,59.9
Покровское,30.766,59.733000000000004
Поляна,31.450,59.816
Приладожский,31.300,59.86600000000001
Путилово,31.433,59.86600000000001
Пухолово,31.660,59.733000000000004
Ратница,31.883,59.95
Речка,31.683,59.883
Ручьи,31.616,59.95
Рындела,31.833,59.883
Сандела,31.816,60.5
Светлые Горки,30.983,59.75
Северная,28.483,60.35
Сиголово,31.166,59.733000000000004
Синявино,31.660,59.9
Сирокасска,31.650,59.86600000000001
Славянка,31.233,59.766000000000005
Сойкино,31.950,59.883
Сологубовка,31.116,59.7
Сопели,31.883,59.916000000000004
Сухое,31.733,60.16
Теребушка,31.916,59.933
Тобино,31.866,59.86600000000001
Турышкино,31.233,59.683
Феликсово,31.816,59.916000000000004
Шум,31.766,59.86600000000001
Акулова Гора,33.550,60.483000000000004
Александровщина,33.500,60.5
Алеховщина,33.833,60.416000000000004
Андреевщина,33.416,60.833
Антомоново,33.660,60.466
Большие Коковичи,33.833,60.2
Бор 2,33.833,60.2
Валгома,33.833,60.183
Валданицы,33.683,60.466
Вахнова Кара,33.100,60.466
Ветхое Село,34.166,60.316
Вязикиничи,33.866,60.383
Гайгово,33.900,60.4
Гонгиничи,33.833,60.45
Горка 1,33.200,60.65
Горка 2,33.250,60.483000000000004
Ефремково,34.216,60.416000000000004
Заозерье,33.766,60.516000000000005
Заостровье,33.266,60.633
Имоченицы,33.516,60.483000000000004
Кальшеницы,33.916,60.316
Кидебра,33.666,60.466
Ковкеницы,33.216,60.65
Конево,33.000,60.5
Коростелево,33.660,60.483000000000004
Кургино,33.566,60.483000000000004
Кяргино,33.983,60.4
Левково,34.233,60.466
Липка,33.966,60.2
Люговичи,33.650,60.6
Ляшозеро,33.900,60.45
Малое Усадище,33.666,60.6
Малые Коковичи,33.816,60.2
Мартыново,34.433,60.283
Мергино,33.450,60.466
Мошкино,33.830,60.483000000000004
Мустиничи,34.500,60.383
Надпорожье,34.283,60.466
Никоновщина,33.600,60.516000000000005
Новая Слобода,33.333,60.783
Новинка 1,33.233,60.483000000000004
Ольхово,34.316,60.216
Оятский Участок,33.200,60.45
Печеницы,34.116,60.666000000000004
Печурино,33.850,60.2
Пирозеро,33.950,60.233000000000004
Пога,33.416,60.86600000000001
Подборье,34.183,60.4
Пойкимо,33.916,60.383
Полянка,33.466,60.466
Путиловец,34.116,60.333
Рассвет,33.150,60.45
Ратигора,34.216,60.45
Рахковичи,33.750,60.716
Ребовичи,34.350,60.216
Рекиничи,33.283,60.483000000000004
Рогачево,33.330,60.483000000000004
Руссконицы,33.966,60.583
Ручей,34.830,60.333
Ручьи,33.333,60.7
Свирьстрой,33.716,60.8
Спирово,34.333,60.216
Средний Двор,34.116,60.333
Старая Слобода,33.316,60.783
Суббоченицы,33.716,60.433
Тервеничи,34.100,60.316
Тимошино,34.350,60.333
Турыгино,33.830,60.483000000000004
Усть-Сара,33.950,60.216
Фомино,33.500,60.483000000000004
Харевщина,33.683,60.75
Хвалевщина,33.233,60.483000000000004
Хмелезеро,34.416,60.283
Чагоницы,33.750,60.516000000000005
Чашковичи,33.183,60.466
Чегла,33.116,60.45
Чидово,34.300,60.216
Чуницы,33.483,60.466
Шамокша,33.350,60.666000000000004
Шангиничи,33.433,60.483000000000004
Шапша,34.160,60.566
Шархиничи,33.750,60.383
Шахтиницы,34.000,60.4
Шахтиполье,34.000,60.383
Шириничи,33.466,60.483000000000004
Шоткуса,33.250,60.55
Явшиницы,34.000,60.316
Янега,33.700,60.75
Алакюля,29.933,59.733000000000004
Ананьино,29.160,59.65
Аннино,30.500,59.766000000000005
Большая Ижора,29.566,59.933
Большие Горки,29.850,59.7
Большое Горлово,29.550,59.783
Большое Коновалово,29.666,59.883
Большое-Забородье,29.750,59.733000000000004
Верхние Рудицы,29.400,59.733000000000004
Верхняя-Бронна,29.633,59.916000000000004
Вильповицы,29.683,59.75
Витино,29.716,59.65
Воронино,29.266,59.75
Воронка,29.660,59.8
Глобица,29.216,59.75
Глухово,29.766,59.666000000000004
Глядино,29.783,59.716
Гора Валдай,29.200,59.966
Горбунки,29.966,59.833
Горки,29.400,59.683
Гостилицы,29.616,59.75
Гяргино,30.830,59.683
Дятлицы,29.666,59.7
Заостровье,29.516,59.716
Заринская,29.330,59.683
Ивановское,29.000,59.7
Извара,29.333,59.7
Ильино,29.683,59.716
Иннолово,29.983,59.783
Ирогощи,29.660,59.666000000000004
Капорское,29.966,59.75
Карвала,30.150,59.683
Кербуково,29.830,59.683
Кипень,29.850,59.666000000000004
Климотино,29.000,59.666000000000004
Клясино,29.566,59.666000000000004
Коваши,29.233,59.9
Копорье,29.330,59.716
Коровино,29.716,59.816
Красная Горка,29.316,59.966
Красная Мыза,29.716,59.75
Красный Бор,29.616,59.683
Кузнецы,29.666,59.883
Лаголово,30.000,59.7
Лангерево,29.650,59.9
Лебяжье,29.400,59.966
Липово,29.660,59.933
Ломаха,29.330,59.666000000000004
Лопухинка,29.316,59.716
Маклаково,29.660,59.65
Малая Ижора,29.666,59.916000000000004
Малое Коновалово,29.633,59.9
Малое-Забородье,29.733,59.75
Михайловка,30.160,59.716
Мустово,28.916,59.8
Муховицы,29.483,59.7
Нижняя-Бронна,29.633,59.916000000000004
Низино,29.866,59.833
Никольское,29.383,59.683
Новая Буря,29.450,59.716
Новая Ропша,29.883,59.75
Новое Калище,29.183,59.9
Новый Бор,29.600,59.683
Олики,29.916,59.766000000000005
Оржицы,29.716,59.75
Пеники,29.650,59.916000000000004
Петровское,29.700,59.8
Подмошье,28.983,59.683
Порожки,29.650,59.783
Посёлок,30.200,59.716
Пульман,29.433,59.9
Разбегаево,29.933,59.783
Райкузи,29.950,59.783
Расколово,30.660,59.683
Ропша,29.866,59.733000000000004
Русско-Высоцкое,29.933,59.7
Рюмки,30.330,59.783
Савольщина,29.316,59.683
Саксолово,30.830,59.683
Санино,29.900,59.833
Систа-Палкино,28.900,59.8
Сойкино,29.716,59.9
Сокули,29.700,59.7
Сосновый Бор,29.116,59.916000000000004
Старые Медуши,29.400,59.7
Старый Бор,29.600,59.683
Сюрье,29.250,59.916000000000004
Таменгонт,29.550,59.883
Телези,29.983,59.7
Трудовик,29.750,59.65
Ускуля,29.683,59.883
Финское Койрово,30.200,59.783
Флоревицы,29.183,59.75
Черемыкино,29.650,59.65
Черная Лахта,29.250,59.966
Шепелево,29.150,59.983000000000004
Шундорово,29.600,59.633
Яльгелево,29.950,59.733000000000004
Большой Узигонт,29.883,59.8
Александровка,29.850,58.566
Алексеевка,29.633,58.61600000000001
Антоново,29.316,58.75
Балтиец,29.933,58.9
Баньково,30.150,58.833
Бараново,29.733,58.666000000000004
Бежаны,29.700,58.966
Беково,29.916,59.2
Белая Горка,29.316,58.666000000000004
Белое,30.466,58.8
Бельско,29.316,58.95
Берег,29.983,58.683
Бережок,30.633,58.916000000000004
Березицы,29.733,58.5
Боднево,29.950,58.533
Большая Дивенка,29.983,59.233000000000004
Большие Влешковичи,30.266,58.766000000000005
Большие Крупели,29.950,58.8
Большие Озерцы,29.600,58.5
Большие Шатновичи,30.500,58.5
Большое Замошье,30.660,58.86600000000001
Бор 1,30.566,58.966
Бор 2,29.966,58.65
Бор 3,29.633,58.466
Брея,29.333,58.966
Брод,29.883,58.566
Будилово,28.733,58.883
Бусаны,29.850,58.533
Бутково,30.433,58.85
Буяны,29.666,58.55
Вагошка,28.766,58.883
Ванино Поле,29.850,58.61600000000001
Вердуга,29.200,58.766000000000005
Ветчины,29.550,58.916000000000004
Витово,29.716,58.533
Владычкино,30.660,59.16
Владычно,29.916,58.516000000000005
Волкино,30.683,58.95
Володарское,29.883,58.516000000000005
Волосковичи,29.733,58.55
Волошово,29.300,58.716
Выбор,30.100,58.7
Высокая Грива,29.533,58.933
Вычелобок,30.660,58.65
Вяжище,29.750,58.683
Вяжищи,30.666,58.916000000000004
Вяз,29.600,59.33
Гверездно,30.416,58.783
Герцена,30.830,58.6
Глубокое,29.100,59.5
Гниленка,28.750,58.883
Гобжицы,30.133,58.833
Голубково,29.966,58.55
Горестницы,28.800,58.916000000000004
Горка 1,29.333,58.95
Горка 3,29.316,58.733000000000004
Горушка,30.116,58.75
Горыни,30.566,58.9
Госткино,29.933,58.6
Гусли,29.330,58.9
Дергово,29.750,58.666000000000004
Дзержинского,29.883,58.666000000000004
Долговка,29.983,58.933
Домкино,29.850,58.6
Душилово,29.616,58.666000000000004
Елемно,29.300,58.9
Елемцы,29.733,58.483000000000004
Естомичи,29.900,58.7
Жеребут,30.660,58.733000000000004
Жерядки,30.616,58.916000000000004
Живой Ручей,29.833,58.883
Жилое Горнешно,29.116,58.75
Жог,28.883,58.916000000000004
Загорье 1,29.283,58.666000000000004
Задейшино,28.900,58.933
Задубье,29.883,58.61600000000001
Залустежье,29.000,58.966
Заорешье,29.900,58.533
Запередолье,30.600,58.933
Запишенье,30.116,58.783
Заплотье,30.166,58.766000000000005
Заречье 2,30.330,58.516000000000005
Заручье,30.716,58.983000000000004
Заслуховье,30.600,58.9
Засобье,29.100,58.883
Затрубичье,29.150,58.75
Захонье,29.366,58.966
Зуево,29.716,58.516000000000005
Извоз,28.800,58.883
Ильжо,29.700,58.633
Именицы,29.583,58.916000000000004
Исаково,28.766,58.86600000000001
Калгановка,29.833,58.666000000000004
Калищи,30.116,58.8
Каменка,30.100,58.816
Караулка,29.933,58.916000000000004
Кемка,29.816,58.933
Кемск,29.850,59.15
Кипино,30.616,58.86600000000001
Клескуши,29.383,59.66
Клуколово,30.516,58.966
Колодно,30.500,58.683
Корешно,30.700,58.983000000000004
Костково,30.500,58.65
Красная Горка,29.950,58.466
Красные Горы,29.650,58.95
Красный Маяк,29.950,59.166000000000004
Крени,29.650,58.5
Крокол,29.500,58.9
Крюково,29.950,58.7
Кузнецово,29.933,59.25
Курско,30.600,58.86600000000001
Лазарево,30.700,58.933
Лединки,29.166,58.916000000000004
Липа,29.000,59.66
Липово,29.783,59.83
Лопанец,29.733,58.583
Луга,29.833,58.733000000000004
Луги,30.116,59.1
Луговское,29.133,59.33
Лужа,31.933,59.966
Лужки,30.100,59.5
Любочажье,29.300,58.966
Лютка,30.700,58.933
Малая Пустошка,29.600,58.566
Малая Ящера,30.660,58.983000000000004
Малые Влешковичи,30.266,58.783
Малые Озерцы,29.616,58.483000000000004
Малые Шатновичи,30.500,58.516000000000005
Малый Сабск,29.160,59.133
Мерёво,30.660,58.75
Милодежь,30.583,58.916000000000004
Мокрово,29.700,58.516000000000005
Мошковы Поляны,30.666,58.8
Мужич,29.500,58.86600000000001
Муравейно,29.650,59.0
Мхи,28.800,58.883
Мшинская,29.950,59.16
Наволок,29.983,58.6
Надбелье,30.466,58.86600000000001
Надевицы,29.900,58.583
Накол,29.500,59.5
Натальино,29.766,58.966
Невежицы,30.830,58.483000000000004
Немолва,29.716,58.566
Низовка,30.000,59.133
Низово,29.833,58.6
Низовская,29.983,59.1
Николаевское,29.800,58.566
Николаевское,29.330,58.9
Никулино,30.566,58.983000000000004
Новая Середка,29.800,58.6
Новое Село 1-е,30.133,58.55
Новоивановское,28.916,58.883
Новоселье 2,29.616,58.566
Новые Крупели,29.900,58.816
Новый,29.550,58.9
Новый Брод,29.883,58.583
Овиновичи,30.400,58.85
Ожево,28.933,59.16
Олешно,29.350,58.65
Онежицы,30.830,58.633
Оредеж,30.333,58.816
Островенка,29.816,58.86600000000001
Островно,29.316,58.633
Осьмино,29.100,59.0
Павшино,30.200,58.816
Паншино,30.683,58.966
Парищи,29.700,58.5
Пелково,30.116,58.933
Переволок,29.500,58.916000000000004
Песочный Мох,30.433,58.9
Петровская,29.916,58.566
Петровские Бабы,30.160,58.633
Петрушина Гора,30.266,58.833
Пехенец,30.500,58.983000000000004
Печково,30.633,58.916000000000004
Пищи,30.650,58.883
Плоское,29.950,58.833
Подгородье,29.966,58.683
Подлесье,29.850,58.516000000000005
Пожарище,30.483,58.816
Покровка,29.916,59.166000000000004
Покровское,30.283,58.766000000000005
Полоски,28.883,58.95
Поля,29.483,58.95
Почап,30.383,58.8
Приозерный,30.666,58.916000000000004
Пристань,30.616,58.9
Пустое Горнешно,29.150,58.733000000000004
Пустошка,29.650,58.65
Пустынь,29.733,58.883
Путятино,30.166,58.816
Пушкино,28.816,58.86600000000001
Райково,29.830,59.5
Раковичи,29.833,58.65
Раковно,30.330,58.666000000000004
Рассохи,30.660,58.5
Релка,28.983,58.983000000000004
Рель,28.933,58.966
Репьи,30.000,58.566
Романщина,29.966,58.666000000000004
Ручьи,30.150,58.533
Рябиновка,29.650,58.583
Саба,29.100,59.33
Сабицы,29.300,58.833
Сабо,29.583,58.933
Самро,28.816,58.933
Сватково,29.500,59.66
Святье,30.160,58.466
Северный,29.816,58.783
Селище,30.116,59.33
Серебренка,28.883,58.966
Серебрянский,29.600,58.583
Ситенка,29.866,58.85
Скреблово,29.883,58.6
Славянка,28.866,58.95
Слапи,29.900,58.716
Смерди,29.733,58.65
Смешино,29.950,58.733000000000004
Сокольники,30.283,58.8
Солнцев Берег,29.966,58.633
Сорочкино,29.916,59.1
Средние Крупели,29.916,58.8
Ставотино,28.966,58.95
Старая Середка,29.800,58.633
Старые Полицы,29.583,58.55
Стелево,29.966,58.5
Стояновщина,29.783,58.683
Стрешево,29.983,58.633
Сырец,30.830,58.683
Сяберо,29.133,58.8
Тесово-4,30.566,58.8
Толмачево,29.916,58.86600000000001
Торковичи,30.350,58.85
Торошковичи,30.116,58.566
Туровка,29.600,58.933
Турово,29.933,58.733000000000004
Усадьба Ртс,29.666,58.61600000000001
Филимонова Горка,30.100,58.583
Филипповичи,30.666,58.95
Хабалинка,30.266,58.816
Хвошно,29.983,58.466
Хилок,29.183,59.66
Хлупино,30.366,58.783
Холомцы,30.500,58.783
Хрепелка,30.633,58.8
Чайково,30.000,58.533
Чеголи,29.933,58.683
Червищи,29.700,58.566
Чернецово,30.100,59.83
Чолово,30.433,58.95
Шалово,29.916,58.766000000000005
Шаломино,29.416,58.966
Шильцево,29.733,58.566
Шима,28.700,58.95
Шипино,29.216,59.5
Ширенка,29.616,58.65
Щегоща,30.500,58.61600000000001
Щупоголово,30.500,58.883
Юбры,29.683,58.516000000000005
Югостицы,30.000,58.55
Яконово,29.616,58.633
Ям-Тесово,30.583,58.9
 Приозерский,Коневец,30.616
 Приозерский,Ястребиное,29.715999999999998
Аверкиевская,34.616,60.683
Алексеевская,34.866,60.55
Бахарево,34.683,60.433
Важины,34.160,60.966
Васильевская,35.500,60.4
Великий Двор,34.983,60.8
Винницы,34.783,60.633
Вознесенье,35.450,61.16
Волнаволок,34.483,61.66
Гоморовичи,34.733,60.9
Грибановская,34.716,60.6
Гришино,34.830,61.83
Заяцкая,34.916,60.816
Зиновий Наволок,34.483,60.5
Игнатовское,35.830,60.733000000000004
Казыченская,35.500,60.4
Капшозеро,35.100,60.533
Кармановская,34.866,60.55
Киприяновская,34.750,60.466
Кипрушино,35.433,60.95
Конец,34.966,60.916000000000004
Красный Бор,35.416,61.5
Кузьминская,34.816,60.466
Купецкое,34.500,60.983000000000004
Курба,34.933,60.4
Курпово,34.660,60.983000000000004
Лаврово,34.500,60.483000000000004
Лашково,34.516,60.483000000000004
Литручей,34.683,60.6
Лукинская,34.833,60.466
Макарьевская,35.330,60.383
Мартемьяновская,34.850,60.466
Матреновщина,34.450,60.5
Мятусово,34.433,60.983000000000004
Некрасово,34.733,60.61600000000001
Никольский,34.660,60.916000000000004
Никулинская,34.816,60.466
Норгино,34.566,60.516000000000005
Ожеговская,34.850,60.45
Олесова,33.983,60.966
Пелдожи,34.500,61.33
Пелдуши,34.650,60.433
Пертозеро,34.600,60.9
Пидьма,34.666,60.983000000000004
Плотично,34.766,60.983000000000004
Подпорожье,34.150,60.933
Поляны,34.216,60.833
Пустоши,34.700,60.433
Рейда,34.500,60.966
Родионово,35.000,60.933
Савинская,34.866,60.55
Свирь,34.830,60.95
Сергеевская,34.850,60.666000000000004
Скамина Гора,34.433,60.5
Соболевщина,35.000,60.916000000000004
Согиницы,34.830,61.83
Сосново,34.200,60.766000000000005
Спирково,34.433,60.483000000000004
Терехова,34.000,60.966
Токари,34.400,61.1
Тумазы,34.900,60.75
Ульино,34.660,60.983000000000004
Усланка,33.900,60.983000000000004
Федоровская,35.660,60.4
Хевроньино,34.333,60.966
Холодный Ручей,34.516,60.483000000000004
Челма,34.316,61.16
Чурручей,34.533,60.5
Шеменичи,34.416,60.883
Шондовичи,34.816,60.416000000000004
Яндеба,33.983,60.85
Ярославичи,34.500,60.5
Багратионовка,30.483,60.816
Беличье,29.916,60.916000000000004
Бережок,29.916,60.533
Бобровка,30.283,60.683
Богатыри,29.850,61.1
Бойцово,30.660,61.16
Большаки,30.660,60.733000000000004
Борисово,30.160,60.6
Борки,30.250,60.5
Боровое,29.916,61.1
Бригадное,30.100,61.66
Брусничка,30.233,60.966
Бурнево,30.330,61.83
Быково,29.866,60.933
Былинное,29.983,60.516000000000005
Васильево 1,29.783,60.516000000000005
Веснино,30.830,60.833
Владимировка,30.466,60.833
Высоково,30.333,60.766000000000005
Горки,30.233,60.666000000000004
Гречухино,30.000,60.783
Громово,30.830,60.716
Денисово,30.550,60.533
Дружное,29.766,60.766000000000005
Заветное,29.650,61.0
Замостье,30.400,60.533
Заостровье,30.366,60.833
Запорожское,30.516,60.566
Иваново,30.183,60.533
Коверино,29.750,61.0
Колокольцево,29.750,60.666000000000004
Колосково,30.200,60.583
Коммунары,30.330,60.9
Косиново,30.233,60.86600000000001
Красноармейское,30.330,60.766000000000005
Красное,30.330,60.816
Красноозерное,29.650,60.583
Кривко,30.250,60.583
Кротово,29.983,60.916000000000004
Крутая Гора,30.133,60.55
Кузнечное,29.866,61.15
Кутузово,29.983,60.8
Ларионово,30.183,61.0
Лебедевка,29.716,60.55
Лосево,30.160,60.683
Луговое,30.450,60.55
Маково,29.700,60.583
Малая Горка,30.183,60.85
Марьино,30.500,60.933
Мельниково,29.766,60.933
Мельничные Ручьи,30.116,60.8
Мичуринское,29.850,60.566
Моторное,30.283,60.966
Мюллюпельто,30.830,60.916000000000004
Новая Деревня,29.683,60.7
Новинка,30.166,60.7
Новожилово,30.166,60.516000000000005
Овраги,30.660,60.683
Ольховка,30.300,60.633
Островки,30.833,59.8
Отрадное,30.133,60.833
Пески 1,30.433,60.45
Пески 2,29.916,61.133
Петровское,30.166,60.65
Плодовое,30.200,60.833
Понтонное,29.833,60.7
Портовое,30.333,60.666000000000004
Починок,30.183,60.966
Приладожское,30.400,60.8
Приозерск,30.133,61.33
Проточное,29.883,61.66
Пятиречье,30.616,60.55
Раздолье,30.150,60.583
Речное,29.916,60.7
Ромашки,29.800,60.716
Светлое,29.783,60.55
Светлячки,29.966,60.483000000000004
Севастьяново,29.800,61.66
Силино,29.616,60.55
Синево,30.100,60.95
Славянка,30.330,60.733000000000004
Снегиревка,30.316,60.55
Снегирево,29.716,60.883
Снетково,30.216,61.0
Солнечное,30.266,60.86600000000001
Соловьёвка,30.150,60.766000000000005
Сосново,30.250,60.55
Степанянское,29.750,61.66
Сторожевое,30.133,61.83
Судаково,30.150,60.983000000000004
Суходолье 1,30.116,60.7
Тетерево,30.516,60.8
Торфяное,29.950,60.833
Удальцово,30.416,60.566
Ульяново,30.416,60.583
Уральское,30.233,60.85
Черное,31.616,60.133
Четверяково,29.666,60.6
Шумилово,29.966,60.716
Шушино,29.750,61.5
Яблоновка,30.333,60.75
Ягодное,30.160,60.633
Яковлево,30.100,60.61600000000001
Яркое,30.000,61.33
Яровое,29.816,61.33
Березняк,28.660,59.16
Большая Боровня,28.250,59.15
Большая Руя,28.133,59.16
Большие Рожки,28.200,58.983000000000004
Бор,28.466,58.966
Борисова Гора,28.466,59.0
Борки,28.233,59.16
Буряжки,28.800,59.0
Велетово,28.716,59.0
Великое Село,28.383,58.916000000000004
Вервенка,28.383,59.2
Воронино,28.416,58.9
Вороново,28.350,59.2
Втроя,27.800,59.16
Выскатка,28.183,59.16
Вязище,28.200,59.33
Ганежи,28.933,59.5
Глазова Гора,28.200,59.5
Говорово,28.566,58.966
Горбово,28.216,59.5
Горка,28.150,59.0
Гостицы,28.500,59.66
Гусева Гора,28.283,58.95
Данилово,28.800,59.66
Дворище,28.400,59.83
Демешкин Перевоз,28.160,59.0
Деткова Гора,28.483,59.0
Дретно,28.866,59.0
Дубо,28.916,59.66
Жаворонок,28.666,58.883
Ждовля,28.383,58.9
Жилино,28.566,58.933
Заберезье,28.333,59.16
Заборожка,28.250,59.66
Загривье,27.850,59.11600000000001
Зажупанье,28.633,58.916000000000004
Заклепье,28.616,59.5
Залесье,28.200,59.66
Заовражье,28.316,58.9
Заручье,28.500,58.966
Засосье,28.650,59.1
Засторонье,28.450,58.9
Захрелье,28.483,58.916000000000004
Заяцково,28.466,58.933
Изборовье,28.516,58.933
Ищево,28.233,59.11600000000001
Казино,28.383,59.66
Каменец,28.583,58.883
Каменка,28.330,59.133
Карино,28.500,59.5
Кислино,28.383,58.9
Китково,28.566,58.933
Климатино,28.366,58.916000000000004
Клин,28.283,59.66
Козья Гора,28.783,59.16
Коленец,28.883,59.16
Кологриво,28.500,59.33
Кондуши,27.900,59.1
Кошелевичи,28.833,59.16
Кривицы,28.150,59.0
Кукин Берег,27.766,59.33
Куклина Гора,28.216,59.66
Куреши,28.600,59.33
Куричек,28.266,58.933
Кушела,28.300,59.16
Леонтьевское,28.333,58.9
Лесище,28.966,59.33
Ликовское,28.766,59.11600000000001
Ложголово,28.716,59.15
Лосева Гора,28.450,58.966
Луг,28.300,58.883
Лужица,28.516,58.883
Лужки,28.500,58.983000000000004
Малафьевка,28.450,58.883
Малышева Гора,28.366,58.916000000000004
Марино,28.666,59.16
Марьково,28.266,58.916000000000004
Медвежек,28.350,59.183
Межник,28.500,59.0
Менюши,28.550,59.33
Местово,28.166,58.983000000000004
Мокреди,27.833,59.1
Монастырек,28.350,59.216
Морди,28.683,59.0
Нагинщина,28.216,59.5
Надруя,28.483,58.933
Намежки,28.600,58.9
Нарница,28.550,58.933
Негуба,28.633,58.883
Новая Нива,28.316,58.95
Новоселье,28.350,58.9
Новый,28.783,59.1
Овсище,28.733,59.5
Пананицы,28.200,59.5
Пантелейково,28.316,59.16
Патреева Гора,28.333,59.5
Пелеши,28.660,59.33
Пенино,28.866,59.16
Перебор,28.200,59.66
Переволок,27.783,59.33
Перегреб,28.666,58.916000000000004
Перницы,28.350,58.916000000000004
Песвицы,28.183,59.5
Печурки,28.160,59.15
Плешево,28.516,59.33
Подлесье,28.816,59.0
Подпорожек,28.330,59.33
Полоски,28.900,59.33
Попкова Гора,28.216,59.66
Поречье,28.766,59.16
Пустынька,28.300,58.966
Радовель,27.866,59.83
Растило,28.616,58.933
Родина,28.366,59.11600000000001
Рожновье,28.883,59.16
Романовщина,28.266,59.25
Рудница,28.633,59.0
Рудно,28.266,58.966
Рыжиково,28.266,59.0
Савиновщина,28.333,59.5
Селково,28.466,58.966
Сельхозтехника,28.660,59.66
Сижно,28.216,59.83
Скамья,27.750,59.0
Сланцы,28.660,59.1
Соболец,28.616,59.16
Сорокино,28.600,58.933
Старополье,28.583,59.5
Степановщина,27.816,59.11600000000001
Столбово,28.600,58.933
Струитино,28.850,59.5
Тухтово,28.100,59.5
Усадище,28.800,59.0
Федорово Поле,28.616,58.916000000000004
Филатово,28.250,58.916000000000004
Филево,28.633,58.916000000000004
Хотило,28.516,59.16
Хрель,28.466,58.9
Черно,28.300,59.183
Черновское,28.433,59.216
Чудская Гора,28.600,59.33
Шавково,28.500,58.86600000000001
Шакицы,28.633,59.33
Отрадное,27.833,59.133
Абрамово,33.916,60.33
Амосово,33.433,59.433
Андронниково,34.450,59.95
Анхимово,34.483,59.933
Берег,34.733,60.216
Березовик,33.483,59.7
Бесовка,32.983,59.783
Большая Палуя,34.300,59.86600000000001
Большой Двор,33.150,59.633
Бор,33.466,59.766000000000005
Бурмакино,34.250,59.95
Валдость,33.283,59.85
Валюшка,33.200,59.783
Валя,32.950,59.716
Ваньково,33.483,60.5
Вахрушево,33.266,60.66
Великая Нива,33.250,59.433
Верховье,34.333,59.766000000000005
Виногора,33.883,59.983000000000004
Владычно,33.450,59.75
Воложба,33.550,59.5
Вяльгино,33.400,59.816
Ганьково,33.800,59.9
Горелуха,33.300,59.683
Городище 1,33.483,59.516000000000005
Городище 2,32.966,59.766000000000005
Городок,33.316,59.916000000000004
Гороховище,33.883,60.16
Григино,34.233,59.8
Грузино,33.850,59.95
Гуреничи,33.866,60.133
Давыдовщина,34.160,59.9
Дмитрово,33.150,59.61600000000001
Дорохново,34.500,59.86600000000001
Дорошево,33.830,59.7
Евдокимово,33.466,60.5
Еремина Гора,33.900,60.0
Жар,33.366,59.916000000000004
Заборовье,33.933,59.86600000000001
Залющик,33.350,59.783
Заречье,34.116,59.8
Заручевье,33.216,59.416000000000004
Засыпье,33.433,59.833
Захожа,33.250,59.4
Ивановское,34.233,59.95
Имолово,33.216,59.85
Казалма,33.900,59.85
Капшинский,33.916,60.33
Кильмуя,34.500,59.95
Клюшниково,34.500,59.85
Кованщина,33.433,59.816
Коково,33.283,60.33
Концы,33.916,60.33
Коптяево,34.533,60.66
Корбеничи,34.616,60.233000000000004
Кострино,33.450,59.533
Костринский,33.366,59.65
Коськово,33.283,60.33
Красава,33.600,59.55
Красный Порог,33.283,60.16
Кривой Наволок,33.466,59.833
Крючково,33.433,59.816
Кудрево,32.966,59.75
Кузнецова Гора,34.666,60.33
Кулатино,33.200,59.6
Кулига,33.383,59.816
Куневичи,33.900,60.16
Ладвуши,33.633,60.0
Леоново,33.266,60.1
Леошино,33.850,59.85
Лепуя,34.283,59.833
Лизаново,34.216,59.8
Липная Горка,33.183,59.583
Лихачево,33.850,59.933
Макарьино,34.450,59.95
Максово,34.200,59.816
Малая Палуя,34.300,59.86600000000001
Малое Усадище,33.850,59.85
Малыновщина,33.300,59.916000000000004
Марково,33.250,59.583
Медведок,33.830,59.433
Мелегежская Горка,33.416,59.566
Мелехово,34.350,59.783
Мехбаза,33.883,60.0
Михалево,33.783,59.883
Мишуково,34.100,59.916000000000004
Монино,33.483,59.833
Никульское,34.316,59.783
Новая,33.500,59.7
Новая Усть-Капша,33.700,59.86600000000001
Новинка 1,33.883,60.11600000000001
Новоандреево,33.400,59.566
Новое Село,33.350,59.816
Новый Лесной,33.366,59.9
Новый Погорелец,33.383,59.65
Нюрговичи,34.750,60.216
Овино,33.183,59.683
Овинцево,33.133,59.583
Озоровичи,34.600,60.233000000000004
Олешково,34.416,59.95
Олончено,33.933,60.5
Опока,34.350,59.783
Остров,33.116,59.466
Островок,33.266,59.783
Павшино,33.383,59.86600000000001
Паголда,33.600,59.65
Паньшино,34.283,59.783
Пашозеро,34.616,60.33
Песчанка,33.500,60.5
Печнева,33.133,59.566
Пинега,33.383,59.9
Плесо,33.466,59.516000000000005
Погорелец,34.133,59.933
Подборье,32.983,59.75
Поречье,34.100,59.916000000000004
Посясье,33.466,59.416000000000004
Прогаль,33.266,59.95
Пудроль,33.250,59.816
Пяхта,33.283,59.9
Рандога,33.416,59.8
Рапля,33.166,59.383
Ратилово,33.266,60.133
Ругуй,32.833,59.466
Рудино,33.466,59.416000000000004
Самара,34.383,59.966
Саньково,33.400,60.66
Сарка,33.650,59.683
Сарожа,33.516,59.816
Сашково,33.266,60.1
Свирь,33.500,59.7
Селище,34.416,59.916000000000004
Селово,33.316,59.6
Серебрянка,33.833,59.933
Середка,33.266,60.66
Ситомля,32.966,59.483000000000004
Смоленец,33.733,59.766000000000005
Смоленский Шлюз,33.616,59.65
Снопово,33.300,60.33
Сосновка,33.916,60.1
Старый Погорелец,33.400,59.65
Стрелково,34.566,60.11600000000001
Струнино,32.900,59.5
Сугорово,33.100,59.7
Сукса,33.250,60.66
Сяргозеро,34.866,60.16
Теплухино,33.350,59.666000000000004
Теренино,33.900,60.33
Тимошино,34.533,59.95
Тихвин,33.550,59.65
Токарево,33.916,60.1
Тумище,33.266,59.983000000000004
Тумово,33.266,60.5
Тупик,33.830,59.45
Туравкино,33.133,59.65
Ульянино,33.266,60.11600000000001
Ульяница,34.200,59.95
Урья,34.683,60.33
Усть Капша,34.583,60.216
Усть-Капша,33.716,59.883
Усть-Шомушка,33.333,59.7
Устье,33.660,59.7
Ушаково,34.660,59.816
Филовщина,32.966,59.75
Халезево,33.100,59.683
Харагеничи,34.650,60.2
Харитоновщина,33.450,60.66
Харчевня,32.900,59.483000000000004
Царицыно Озеро,33.500,59.7
Цвылево,33.216,59.65
Чаголино,33.233,59.86600000000001
Чемихино,33.116,59.683
Черенцово,33.830,59.666000000000004
Чидово,35.000,60.15
Чуганово,34.660,59.86600000000001
Чудское,34.266,59.8
Шейкино,34.850,59.983000000000004
Шибенец,33.366,59.566
Шомушка,33.416,59.75
Шугозеро,34.200,59.916000000000004
Шуйга,34.116,59.933
Щекотовичи,33.833,59.85
Ялгино,33.333,59.666000000000004
Авати,30.816,59.416000000000004
Александровка,31.316,59.183
Андрианово,30.900,59.416000000000004
Аннолово,30.550,59.633
Апраксин Бор,31.233,59.166000000000004
Бабино,31.433,59.233000000000004
Бабинская Лука,31.500,59.233000000000004
Белоголово,31.233,59.61600000000001
Болотница,31.183,59.383
Большая Горка,31.483,59.3
Большое Переходное,31.216,59.316
Бородулино,31.233,59.4
Васькины Нивы,31.266,59.483000000000004
Вериговщины,31.266,59.466
Верхние Сютти,30.750,59.5
Вороний Остров,31.350,59.233000000000004
Гладкое,30.850,59.65
Горка,30.816,59.416000000000004
Гутчево,30.783,59.36600000000001
Дроздово,31.466,59.3
Еглизи,30.700,59.55
Ерзуново,31.233,59.633
Жары,31.660,59.433
Заволжье,31.166,59.3
Захожье,30.833,59.733000000000004
Ивановское,31.266,59.516000000000005
Ильинский Погост,31.266,59.383
Кайболово,30.633,59.533
Керамик,31.316,59.316
Кирково,31.166,59.333
Коколаврик,31.400,59.383
Коркино,31.200,59.283
Костуя,31.233,59.533
Красный Бор,30.683,59.683
Красный Латыш,31.830,59.45
Куньголово,30.633,59.55
Ладога,30.500,59.633
Липка,31.250,59.416000000000004
Лисино-Корпус,30.650,59.416000000000004
Любань,31.233,59.35
Малиновка,30.716,59.416000000000004
Мельница,30.933,59.416000000000004
Молоди,31.450,59.36600000000001
Надино,31.200,59.633
Нижние Сютти,30.750,59.483000000000004
Никитино,31.830,59.433
Никольское,30.783,59.683
Новая,30.583,59.516000000000005
Новинка 1,31.250,59.466
Новолисино,30.766,59.566
Пельгора,31.233,59.45
Поги,30.583,59.533
Померанье,31.316,59.3
Попрудка,31.233,59.433
Примерное,30.883,59.383
Радофинниково,30.916,59.15
Рамболово,30.616,59.5
Рамцы,31.300,59.433
Рубеж,30.883,59.466
Рублево,30.850,59.416000000000004
Русская Волжа,31.183,59.3
Ручьи,31.200,59.15
Рынделево,30.566,59.516000000000005
Рябово,31.150,59.416000000000004
Саблино,30.750,59.633
Сердце,30.650,59.36600000000001
Сидорово,30.916,59.416000000000004
Смердыня,31.416,59.45
Строение,30.800,59.483000000000004
Сустье-Конец,31.183,59.266000000000005
Тарасово,30.933,59.416000000000004
Тосно,30.883,59.55
Трубников Бор,31.400,59.266000000000005
Трубниково,31.400,59.266000000000005
Турово,30.800,59.416000000000004
Ульяновка,30.766,59.633
Усадище,30.933,59.433
Ушаки,30.983,59.483000000000004
Федоровское,30.533,59.666000000000004
Форносово,30.583,59.583
Черемная Гора,31.466,59.35
Чудской Бор,31.416,59.35
Шапки,31.183,59.6
Шумба,30.600,59.5
Ям-Ижора,30.600,59.7
Ямок,31.200,59.3
